r2,mae,rmse,model
0.5950033501461172,174.48745941112387,249.53927088204824,Linear Regression
0.6965944581283371,164.1475,215.9856715132707,Random Forest
0.5289885597998463,185.42307692307693,269.109428700268,Decision Tree
0.7120720584655662,160.72346153846152,210.4045332485459,Bagging
